iter,cycles,hit
0,86,1
1,286,0
2,278,0
3,280,0
4,260,0
5,1346,0
6,280,0
7,276,0
8,286,0
9,312,0
10,282,0
11,278,0
12,282,0
13,304,0
14,278,0
15,280,0
16,310,0
17,286,0
18,284,0
19,254,0
20,284,0
21,282,0
22,278,0
23,278,0
24,278,0
25,276,0
26,1066,0
27,278,0
28,280,0
29,280,0
30,280,0
31,282,0
32,288,0
33,274,0
34,284,0
35,262,0
36,254,0
37,286,0
38,296,0
39,280,0
40,276,0
41,278,0
42,282,0
43,280,0
44,258,0
45,286,0
46,276,0
47,280,0
48,788,0
49,274,0
50,282,0
51,260,0
52,260,0
53,280,0
54,254,0
55,254,0
56,278,0
57,280,0
58,284,0
59,284,0
60,276,0
61,280,0
62,278,0
63,278,0
64,282,0
65,262,0
66,278,0
67,280,0
68,278,0
69,276,0
70,1042,0
71,272,0
72,258,0
73,280,0
74,280,0
75,278,0
76,276,0
77,278,0
78,280,0
79,270,0
80,280,0
81,286,0
82,286,0
83,260,0
84,284,0
85,280,0
86,278,0
87,276,0
88,260,0
89,278,0
90,278,0
91,276,0
92,884,0
93,280,0
94,278,0
95,280,0
96,280,0
97,258,0
98,286,0
99,260,0
100,276,0
101,278,0
102,266,0
103,278,0
104,288,0
105,280,0
106,258,0
107,280,0
108,280,0
109,294,0
110,282,0
111,278,0
112,278,0
113,276,0
114,892,0
115,286,0
116,278,0
117,278,0
118,384,0
119,282,0
120,276,0
121,280,0
122,280,0
123,276,0
124,280,0
125,278,0
126,278,0
127,278,0
128,278,0
129,278,0
130,278,0
131,278,0
132,276,0
133,276,0
134,280,0
135,274,0
136,872,0
137,262,0
138,276,0
139,282,0
140,278,0
141,256,0
142,278,0
143,278,0
144,282,0
145,280,0
146,280,0
147,258,0
148,280,0
149,278,0
150,276,0
151,276,0
152,278,0
153,276,0
154,278,0
155,280,0
156,278,0
157,280,0
158,858,0
159,280,0
160,256,0
161,280,0
162,282,0
163,280,0
164,280,0
165,280,0
166,280,0
167,308,0
168,282,0
169,276,0
170,280,0
171,280,0
172,280,0
173,282,0
174,278,0
175,284,0
176,276,0
177,280,0
178,284,0
179,258,0
180,876,0
181,276,0
182,280,0
183,284,0
184,290,0
185,284,0
186,288,0
187,278,0
188,280,0
189,258,0
190,278,0
191,276,0
192,284,0
193,276,0
194,286,0
195,282,0
196,280,0
197,280,0
198,282,0
199,278,0
200,278,0
201,276,0
202,932,0
203,274,0
204,284,0
205,288,0
206,282,0
207,278,0
208,278,0
209,282,0
210,276,0
211,282,0
212,280,0
213,276,0
214,280,0
215,280,0
216,278,0
217,278,0
218,280,0
219,280,0
220,282,0
221,282,0
222,274,0
223,280,0
224,968,0
225,278,0
226,276,0
227,280,0
228,276,0
229,274,0
230,280,0
231,278,0
232,304,0
233,276,0
234,278,0
235,282,0
236,276,0
237,280,0
238,280,0
239,282,0
240,280,0
241,276,0
242,276,0
243,278,0
244,284,0
245,276,0
246,918,0
247,276,0
248,290,0
249,256,0
250,276,0
251,280,0
252,276,0
253,280,0
254,280,0
255,286,0
256,260,0
257,282,0
258,278,0
259,278,0
260,258,0
261,278,0
262,260,0
263,280,0
264,280,0
265,282,0
266,280,0
267,258,0
268,1052,0
269,280,0
270,258,0
271,278,0
272,280,0
273,280,0
274,276,0
275,278,0
276,256,0
277,276,0
278,282,0
279,288,0
280,280,0
281,276,0
282,276,0
283,280,0
284,276,0
285,280,0
286,280,0
287,262,0
288,280,0
289,276,0
290,812,0
291,282,0
292,284,0
293,276,0
294,288,0
295,278,0
296,278,0
297,276,0
298,280,0
299,278,0
300,276,0
301,284,0
302,278,0
303,284,0
304,280,0
305,282,0
306,280,0
307,280,0
308,282,0
309,282,0
310,280,0
311,280,0
312,928,0
313,282,0
314,278,0
315,282,0
316,318,0
317,280,0
318,276,0
319,276,0
320,276,0
321,284,0
322,278,0
323,284,0
324,276,0
325,278,0
326,280,0
327,284,0
328,284,0
329,284,0
330,276,0
331,282,0
332,278,0
333,278,0
334,728,0
335,282,0
336,280,0
337,282,0
338,276,0
339,278,0
340,276,0
341,284,0
342,276,0
343,276,0
344,276,0
345,286,0
346,280,0
347,282,0
348,276,0
349,282,0
350,280,0
351,276,0
352,278,0
353,280,0
354,284,0
355,278,0
356,880,0
357,280,0
358,278,0
359,278,0
360,276,0
361,280,0
362,278,0
363,264,0
364,278,0
365,280,0
366,278,0
367,290,0
368,276,0
369,280,0
370,276,0
371,286,0
372,282,0
373,276,0
374,280,0
375,274,0
376,278,0
377,280,0
378,886,0
379,282,0
380,278,0
381,286,0
382,294,0
383,280,0
384,276,0
385,284,0
386,284,0
387,278,0
388,280,0
389,280,0
390,276,0
391,278,0
392,276,0
393,282,0
394,276,0
395,280,0
396,282,0
397,278,0
398,282,0
399,276,0
400,766,0
401,280,0
402,258,0
403,260,0
404,280,0
405,280,0
406,284,0
407,284,0
408,278,0
409,296,0
410,278,0
411,282,0
412,296,0
413,296,0
414,284,0
415,262,0
416,280,0
417,278,0
418,280,0
419,284,0
420,288,0
421,280,0
422,276,0
423,276,0
424,276,0
425,282,0
426,284,0
427,280,0
428,280,0
429,278,0
430,276,0
431,280,0
432,280,0
433,276,0
434,280,0
435,278,0
436,278,0
437,286,0
438,282,0
439,284,0
440,894,0
441,278,0
442,276,0
443,274,0
444,278,0
445,292,0
446,282,0
447,276,0
448,278,0
449,276,0
450,280,0
451,276,0
452,282,0
453,258,0
454,278,0
455,284,0
456,276,0
457,280,0
458,276,0
459,278,0
460,258,0
461,278,0
462,968,0
463,276,0
464,280,0
465,310,0
466,278,0
467,280,0
468,276,0
469,284,0
470,280,0
471,280,0
472,280,0
473,282,0
474,280,0
475,278,0
476,278,0
477,280,0
478,276,0
479,280,0
480,276,0
481,282,0
482,280,0
483,278,0
484,1008,0
485,280,0
486,282,0
487,282,0
488,282,0
489,276,0
490,280,0
491,278,0
492,280,0
493,284,0
494,276,0
495,258,0
496,280,0
497,278,0
498,280,0
499,278,0
500,282,0
501,280,0
502,278,0
503,280,0
504,276,0
505,260,0
506,1056,0
507,282,0
508,282,0
509,280,0
510,276,0
511,280,0
512,272,0
513,280,0
514,278,0
515,284,0
516,280,0
517,280,0
518,280,0
519,276,0
520,388,0
521,276,0
522,280,0
523,276,0
524,284,0
525,280,0
526,258,0
527,284,0
528,716,0
529,278,0
530,280,0
531,280,0
532,284,0
533,282,0
534,278,0
535,276,0
536,278,0
537,276,0
538,282,0
539,282,0
540,280,0
541,280,0
542,280,0
543,282,0
544,280,0
545,282,0
546,282,0
547,268,0
548,284,0
549,280,0
550,1032,0
551,280,0
552,284,0
553,282,0
554,280,0
555,280,0
556,284,0
557,280,0
558,280,0
559,282,0
560,280,0
561,280,0
562,280,0
563,278,0
564,278,0
565,278,0
566,278,0
567,276,0
568,282,0
569,276,0
570,276,0
571,282,0
572,760,0
573,278,0
574,278,0
575,280,0
576,280,0
577,290,0
578,278,0
579,276,0
580,280,0
581,278,0
582,276,0
583,282,0
584,280,0
585,278,0
586,280,0
587,278,0
588,264,0
589,292,0
590,278,0
591,280,0
592,280,0
593,1188,0
594,282,0
595,280,0
596,280,0
597,282,0
598,284,0
599,284,0
600,280,0
601,282,0
602,280,0
603,280,0
604,280,0
605,280,0
606,290,0
607,290,0
608,280,0
609,286,0
610,276,0
611,276,0
612,276,0
613,280,0
614,280,0
615,688,0
616,280,0
617,280,0
618,280,0
619,276,0
620,278,0
621,280,0
622,278,0
623,280,0
624,280,0
625,278,0
626,278,0
627,280,0
628,294,0
629,278,0
630,278,0
631,282,0
632,280,0
633,274,0
634,280,0
635,278,0
636,1182,0
637,280,0
638,280,0
639,280,0
640,258,0
641,276,0
642,276,0
643,276,0
644,278,0
645,278,0
646,278,0
647,282,0
648,280,0
649,278,0
650,278,0
651,284,0
652,280,0
653,280,0
654,280,0
655,258,0
656,276,0
657,278,0
658,522,0
659,278,0
660,278,0
661,276,0
662,258,0
663,274,0
664,276,0
665,280,0
666,280,0
667,278,0
668,278,0
669,278,0
670,276,0
671,280,0
672,276,0
673,284,0
674,278,0
675,276,0
676,280,0
677,280,0
678,256,0
679,276,0
680,548,0
681,280,0
682,276,0
683,280,0
684,276,0
685,280,0
686,280,0
687,280,0
688,280,0
689,282,0
690,276,0
691,276,0
692,278,0
693,278,0
694,276,0
695,278,0
696,274,0
697,276,0
698,280,0
699,280,0
700,278,0
701,1338,0
702,276,0
703,276,0
704,292,0
705,280,0
706,280,0
707,280,0
708,280,0
709,282,0
710,280,0
711,276,0
712,282,0
713,278,0
714,280,0
715,276,0
716,276,0
717,276,0
718,280,0
719,276,0
720,278,0
721,278,0
722,1386,0
723,286,0
724,276,0
725,280,0
726,276,0
727,280,0
728,280,0
729,280,0
730,264,0
731,278,0
732,282,0
733,280,0
734,278,0
735,258,0
736,284,0
737,284,0
738,258,0
739,276,0
740,280,0
741,280,0
742,280,0
743,282,0
744,868,0
745,258,0
746,282,0
747,280,0
748,282,0
749,280,0
750,280,0
751,284,0
752,276,0
753,276,0
754,276,0
755,274,0
756,276,0
757,280,0
758,284,0
759,280,0
760,278,0
761,280,0
762,282,0
763,280,0
764,280,0
765,280,0
766,1092,0
767,280,0
768,280,0
769,282,0
770,284,0
771,282,0
772,278,0
773,260,0
774,280,0
775,280,0
776,280,0
777,282,0
778,278,0
779,278,0
780,276,0
781,278,0
782,284,0
783,280,0
784,278,0
785,280,0
786,280,0
787,278,0
788,880,0
789,280,0
790,278,0
791,278,0
792,280,0
793,278,0
794,280,0
795,278,0
796,276,0
797,278,0
798,282,0
799,276,0
800,278,0
801,276,0
802,280,0
803,282,0
804,278,0
805,282,0
806,278,0
807,284,0
808,280,0
809,284,0
810,912,0
811,280,0
812,276,0
813,278,0
814,278,0
815,282,0
816,278,0
817,278,0
818,280,0
819,280,0
820,282,0
821,278,0
822,276,0
823,276,0
824,280,0
825,278,0
826,278,0
827,278,0
828,284,0
829,280,0
830,276,0
831,282,0
832,280,0
833,276,0
834,276,0
835,278,0
836,282,0
837,282,0
838,280,0
839,276,0
840,256,0
841,278,0
842,858,0
843,276,0
844,284,0
845,280,0
846,280,0
847,276,0
848,280,0
849,280,0
850,276,0
851,276,0
852,288,0
853,278,0
854,276,0
855,278,0
856,280,0
857,276,0
858,282,0
859,282,0
860,280,0
861,280,0
862,276,0
863,278,0
864,878,0
865,280,0
866,278,0
867,276,0
868,278,0
869,278,0
870,284,0
871,278,0
872,284,0
873,278,0
874,280,0
875,280,0
876,278,0
877,276,0
878,280,0
879,278,0
880,280,0
881,276,0
882,280,0
883,276,0
884,276,0
885,280,0
886,1066,0
887,264,0
888,278,0
889,284,0
890,278,0
891,280,0
892,286,0
893,254,0
894,280,0
895,278,0
896,278,0
897,286,0
898,280,0
899,284,0
900,274,0
901,280,0
902,278,0
903,278,0
904,280,0
905,300,0
906,260,0
907,278,0
908,1152,0
909,280,0
910,276,0
911,284,0
912,280,0
913,278,0
914,258,0
915,276,0
916,260,0
917,286,0
918,284,0
919,278,0
920,276,0
921,254,0
922,280,0
923,278,0
924,276,0
925,276,0
926,280,0
927,274,0
928,278,0
929,280,0
930,1014,0
931,282,0
932,282,0
933,280,0
934,274,0
935,282,0
936,278,0
937,266,0
938,276,0
939,280,0
940,280,0
941,282,0
942,278,0
943,280,0
944,278,0
945,276,0
946,280,0
947,278,0
948,282,0
949,260,0
950,350,0
951,408,0
952,728,0
953,264,0
954,276,0
955,280,0
956,278,0
957,284,0
958,258,0
959,278,0
960,278,0
961,278,0
962,274,0
963,278,0
964,258,0
965,296,0
966,282,0
967,278,0
968,282,0
969,276,0
970,280,0
971,282,0
972,284,0
973,278,0
974,878,0
975,276,0
976,278,0
977,276,0
978,276,0
979,278,0
980,276,0
981,280,0
982,276,0
983,278,0
984,278,0
985,278,0
986,276,0
987,278,0
988,282,0
989,280,0
990,310,0
991,276,0
992,278,0
993,280,0
994,280,0
995,280,0
996,1226,0
997,276,0
998,276,0
999,276,0
1000,378,0
1001,282,0
1002,260,0
1003,280,0
1004,280,0
1005,280,0
1006,292,0
1007,276,0
1008,280,0
1009,278,0
1010,280,0
1011,290,0
1012,280,0
1013,258,0
1014,268,0
1015,276,0
1016,260,0
1017,278,0
1018,908,0
1019,280,0
1020,284,0
1021,278,0
1022,282,0
1023,258,0
1024,274,0
1025,278,0
1026,276,0
1027,280,0
1028,276,0
1029,282,0
1030,278,0
1031,280,0
1032,280,0
1033,276,0
1034,280,0
1035,278,0
1036,276,0
1037,278,0
1038,280,0
1039,280,0
1040,276,0
1041,558,0
1042,258,0
1043,278,0
1044,276,0
1045,282,0
1046,280,0
1047,278,0
1048,280,0
1049,278,0
1050,278,0
1051,274,0
1052,280,0
1053,278,0
1054,280,0
1055,278,0
1056,274,0
1057,282,0
1058,290,0
1059,278,0
1060,282,0
1061,278,0
1062,280,0
1063,282,0
1064,618,0
1065,278,0
1066,276,0
1067,284,0
1068,284,0
1069,280,0
1070,278,0
1071,286,0
1072,278,0
1073,258,0
1074,276,0
1075,280,0
1076,278,0
1077,276,0
1078,284,0
1079,276,0
1080,280,0
1081,280,0
1082,278,0
1083,278,0
1084,278,0
1085,276,0
1086,276,0
1087,600,0
1088,324,0
1089,264,0
1090,276,0
1091,278,0
1092,278,0
1093,280,0
1094,278,0
1095,280,0
1096,280,0
1097,280,0
1098,278,0
1099,280,0
1100,260,0
1101,278,0
1102,286,0
1103,280,0
1104,280,0
1105,280,0
1106,276,0
1107,282,0
1108,276,0
1109,280,0
1110,648,0
1111,278,0
1112,268,0
1113,284,0
1114,280,0
1115,278,0
1116,280,0
1117,282,0
1118,278,0
1119,286,0
1120,280,0
1121,278,0
1122,282,0
1123,276,0
1124,282,0
1125,278,0
1126,280,0
1127,290,0
1128,260,0
1129,278,0
1130,276,0
1131,280,0
1132,280,0
1133,576,0
1134,282,0
1135,292,0
1136,274,0
1137,280,0
1138,258,0
1139,280,0
1140,280,0
1141,278,0
1142,278,0
1143,282,0
1144,276,0
1145,286,0
1146,292,0
1147,278,0
1148,260,0
1149,260,0
1150,282,0
1151,280,0
1152,276,0
1153,282,0
1154,278,0
1155,278,0
1156,588,0
1157,278,0
1158,280,0
1159,280,0
1160,278,0
1161,280,0
1162,276,0
1163,278,0
1164,282,0
1165,280,0
1166,278,0
1167,282,0
1168,280,0
1169,280,0
1170,278,0
1171,254,0
1172,282,0
1173,276,0
1174,278,0
1175,288,0
1176,282,0
1177,278,0
1178,278,0
1179,578,0
1180,276,0
1181,278,0
1182,258,0
1183,284,0
1184,276,0
1185,280,0
1186,280,0
1187,276,0
1188,294,0
1189,278,0
1190,276,0
1191,280,0
1192,276,0
1193,278,0
1194,282,0
1195,278,0
1196,276,0
1197,282,0
1198,278,0
1199,282,0
1200,278,0
1201,284,0
1202,558,0
1203,278,0
1204,278,0
1205,280,0
1206,280,0
1207,280,0
1208,280,0
1209,254,0
1210,278,0
1211,278,0
1212,278,0
1213,280,0
1214,282,0
1215,278,0
1216,264,0
1217,282,0
1218,674,0
1219,280,0
1220,278,0
1221,282,0
1222,276,0
1223,288,0
1224,280,0
1225,278,0
1226,276,0
1227,308,0
1228,276,0
1229,282,0
1230,284,0
1231,278,0
1232,278,0
1233,278,0
1234,278,0
1235,280,0
1236,284,0
1237,278,0
1238,278,0
1239,276,0
1240,1390,0
1241,284,0
1242,278,0
1243,278,0
1244,280,0
1245,280,0
1246,284,0
1247,276,0
1248,280,0
1249,276,0
1250,276,0
1251,282,0
1252,278,0
1253,278,0
1254,284,0
1255,262,0
1256,280,0
1257,278,0
1258,276,0
1259,278,0
1260,276,0
1261,280,0
1262,1288,0
1263,276,0
1264,290,0
1265,278,0
1266,280,0
1267,284,0
1268,278,0
1269,290,0
1270,280,0
1271,276,0
1272,282,0
1273,276,0
1274,278,0
1275,280,0
1276,280,0
1277,286,0
1278,282,0
1279,282,0
1280,284,0
1281,276,0
1282,284,0
1283,290,0
1284,284,0
1285,580,0
1286,280,0
1287,258,0
1288,276,0
1289,280,0
1290,282,0
1291,278,0
1292,286,0
1293,286,0
1294,262,0
1295,280,0
1296,280,0
1297,280,0
1298,280,0
1299,280,0
1300,278,0
1301,264,0
1302,282,0
1303,278,0
1304,278,0
1305,294,0
1306,280,0
1307,278,0
1308,580,0
1309,280,0
1310,280,0
1311,282,0
1312,282,0
1313,278,0
1314,280,0
1315,276,0
1316,282,0
1317,280,0
1318,284,0
1319,278,0
1320,280,0
1321,282,0
1322,280,0
1323,280,0
1324,282,0
1325,284,0
1326,278,0
1327,276,0
1328,290,0
1329,282,0
1330,282,0
1331,564,0
1332,276,0
1333,282,0
1334,256,0
1335,306,0
1336,280,0
1337,278,0
1338,284,0
1339,276,0
1340,282,0
1341,276,0
1342,370,0
1343,278,0
1344,278,0
1345,278,0
1346,280,0
1347,278,0
1348,276,0
1349,284,0
1350,280,0
1351,276,0
1352,278,0
1353,1346,0
1354,286,0
1355,278,0
1356,276,0
1357,282,0
1358,278,0
1359,278,0
1360,276,0
1361,282,0
1362,280,0
1363,282,0
1364,274,0
1365,256,0
1366,280,0
1367,280,0
1368,280,0
1369,278,0
1370,280,0
1371,282,0
1372,280,0
1373,286,0
1374,260,0
1375,258,0
1376,588,0
1377,278,0
1378,280,0
1379,278,0
1380,276,0
1381,284,0
1382,278,0
1383,278,0
1384,278,0
1385,278,0
1386,258,0
1387,278,0
1388,280,0
1389,282,0
1390,288,0
1391,278,0
1392,278,0
1393,278,0
1394,280,0
1395,278,0
1396,276,0
1397,280,0
1398,284,0
1399,568,0
1400,278,0
1401,280,0
1402,282,0
1403,280,0
1404,280,0
1405,280,0
1406,284,0
1407,276,0
1408,282,0
1409,278,0
1410,282,0
1411,278,0
1412,276,0
1413,282,0
1414,278,0
1415,278,0
1416,280,0
1417,278,0
1418,284,0
1419,276,0
1420,282,0
1421,278,0
1422,566,0
1423,302,0
1424,284,0
1425,280,0
1426,280,0
1427,278,0
1428,280,0
1429,280,0
1430,278,0
1431,276,0
1432,286,0
1433,278,0
1434,282,0
1435,278,0
1436,282,0
1437,288,0
1438,282,0
1439,278,0
1440,278,0
1441,280,0
1442,278,0
1443,282,0
1444,278,0
1445,570,0
1446,282,0
1447,276,0
1448,280,0
1449,278,0
1450,284,0
1451,278,0
1452,276,0
1453,278,0
1454,282,0
1455,280,0
1456,282,0
1457,282,0
1458,278,0
1459,284,0
1460,280,0
1461,276,0
1462,282,0
1463,286,0
1464,278,0
1465,278,0
1466,280,0
1467,288,0
1468,580,0
1469,282,0
1470,282,0
1471,276,0
1472,284,0
1473,258,0
1474,278,0
1475,280,0
1476,280,0
1477,280,0
1478,280,0
1479,284,0
1480,274,0
1481,282,0
1482,282,0
1483,256,0
1484,276,0
1485,278,0
1486,284,0
1487,282,0
1488,274,0
1489,282,0
1490,276,0
1491,578,0
1492,282,0
1493,278,0
1494,284,0
1495,278,0
1496,280,0
1497,278,0
1498,276,0
1499,280,0
1500,278,0
1501,284,0
1502,280,0
1503,280,0
1504,280,0
1505,280,0
1506,276,0
1507,286,0
1508,280,0
1509,280,0
1510,278,0
1511,278,0
1512,278,0
1513,284,0
1514,572,0
1515,276,0
1516,276,0
1517,284,0
1518,310,0
1519,280,0
1520,282,0
1521,278,0
1522,280,0
1523,282,0
1524,254,0
1525,276,0
1526,278,0
1527,276,0
1528,278,0
1529,254,0
1530,278,0
1531,278,0
1532,280,0
1533,282,0
1534,278,0
1535,278,0
1536,282,0
1537,576,0
1538,278,0
1539,280,0
1540,278,0
1541,258,0
1542,288,0
1543,280,0
1544,278,0
1545,296,0
1546,278,0
1547,280,0
1548,282,0
1549,282,0
1550,280,0
1551,280,0
1552,282,0
1553,276,0
1554,308,0
1555,282,0
1556,276,0
1557,282,0
1558,278,0
1559,278,0
1560,620,0
1561,282,0
1562,278,0
1563,280,0
1564,288,0
1565,282,0
1566,278,0
1567,284,0
1568,282,0
1569,278,0
1570,280,0
1571,280,0
1572,280,0
1573,278,0
1574,282,0
1575,284,0
1576,284,0
1577,280,0
1578,280,0
1579,278,0
1580,280,0
1581,256,0
1582,284,0
1583,590,0
1584,276,0
1585,282,0
1586,280,0
1587,278,0
1588,288,0
1589,280,0
1590,272,0
1591,280,0
1592,280,0
1593,276,0
1594,278,0
1595,276,0
1596,274,0
1597,280,0
1598,556,0
1599,276,0
1600,280,0
1601,284,0
1602,282,0
1603,282,0
1604,280,0
1605,276,0
1606,278,0
1607,280,0
1608,280,0
1609,282,0
1610,276,0
1611,278,0
1612,278,0
1613,276,0
1614,282,0
1615,280,0
1616,280,0
1617,282,0
1618,278,0
1619,278,0
1620,282,0
1621,550,0
1622,296,0
1623,282,0
1624,276,0
1625,282,0
1626,278,0
1627,274,0
1628,280,0
1629,280,0
1630,278,0
1631,278,0
1632,276,0
1633,282,0
1634,284,0
1635,278,0
1636,280,0
1637,282,0
1638,278,0
1639,278,0
1640,276,0
1641,276,0
1642,278,0
1643,1302,0
1644,280,0
1645,260,0
1646,280,0
1647,274,0
1648,280,0
1649,276,0
1650,278,0
1651,262,0
1652,284,0
1653,282,0
1654,274,0
1655,278,0
1656,280,0
1657,276,0
1658,276,0
1659,278,0
1660,282,0
1661,278,0
1662,276,0
1663,280,0
1664,276,0
1665,276,0
1666,582,0
1667,284,0
1668,284,0
1669,282,0
1670,278,0
1671,280,0
1672,278,0
1673,280,0
1674,280,0
1675,278,0
1676,284,0
1677,280,0
1678,282,0
1679,276,0
1680,276,0
1681,278,0
1682,276,0
1683,278,0
1684,256,0
1685,276,0
1686,278,0
1687,280,0
1688,256,0
1689,576,0
1690,280,0
1691,278,0
1692,280,0
1693,280,0
1694,276,0
1695,286,0
1696,278,0
1697,278,0
1698,276,0
1699,280,0
1700,278,0
1701,280,0
1702,278,0
1703,280,0
1704,284,0
1705,280,0
1706,278,0
1707,278,0
1708,278,0
1709,278,0
1710,278,0
1711,280,0
1712,564,0
1713,276,0
1714,282,0
1715,276,0
1716,278,0
1717,294,0
1718,280,0
1719,280,0
1720,284,0
1721,280,0
1722,280,0
1723,254,0
1724,264,0
1725,280,0
1726,274,0
1727,280,0
1728,278,0
1729,276,0
1730,276,0
1731,286,0
1732,284,0
1733,280,0
1734,276,0
1735,612,0
1736,282,0
1737,278,0
1738,278,0
1739,282,0
1740,278,0
1741,278,0
1742,276,0
1743,278,0
1744,280,0
1745,260,0
1746,278,0
1747,278,0
1748,276,0
1749,278,0
1750,276,0
1751,282,0
1752,280,0
1753,304,0
1754,276,0
1755,260,0
1756,278,0
1757,278,0
1758,578,0
1759,280,0
1760,268,0
1761,278,0
1762,278,0
1763,280,0
1764,280,0
1765,278,0
1766,260,0
1767,276,0
1768,280,0
1769,278,0
1770,278,0
1771,282,0
1772,276,0
1773,280,0
1774,280,0
1775,276,0
1776,280,0
1777,278,0
1778,280,0
1779,284,0
1780,276,0
1781,574,0
1782,282,0
1783,280,0
1784,280,0
1785,282,0
1786,282,0
1787,280,0
1788,268,0
1789,280,0
1790,282,0
1791,282,0
1792,280,0
1793,278,0
1794,284,0
1795,280,0
1796,282,0
1797,280,0
1798,278,0
1799,262,0
1800,278,0
1801,276,0
1802,278,0
1803,258,0
1804,544,0
1805,278,0
1806,276,0
1807,276,0
1808,276,0
1809,264,0
1810,280,0
1811,280,0
1812,264,0
1813,282,0
1814,276,0
1815,278,0
1816,278,0
1817,276,0
1818,256,0
1819,278,0
1820,282,0
1821,276,0
1822,256,0
1823,282,0
1824,276,0
1825,274,0
1826,276,0
1827,660,0
1828,278,0
1829,276,0
1830,332,0
1831,276,0
1832,280,0
1833,280,0
1834,276,0
1835,280,0
1836,278,0
1837,278,0
1838,284,0
1839,278,0
1840,278,0
1841,284,0
1842,278,0
1843,260,0
1844,282,0
1845,280,0
1846,278,0
1847,278,0
1848,274,0
1849,262,0
1850,580,0
1851,282,0
1852,280,0
1853,352,0
1854,278,0
1855,276,0
1856,276,0
1857,278,0
1858,276,0
1859,274,0
1860,276,0
1861,278,0
1862,256,0
1863,278,0
1864,276,0
1865,276,0
1866,260,0
1867,262,0
1868,276,0
1869,278,0
1870,276,0
1871,276,0
1872,276,0
1873,702,0
1874,278,0
1875,256,0
1876,280,0
1877,280,0
1878,278,0
1879,278,0
1880,278,0
1881,276,0
1882,278,0
1883,280,0
1884,280,0
1885,282,0
1886,278,0
1887,276,0
1888,278,0
1889,282,0
1890,280,0
1891,280,0
1892,278,0
1893,260,0
1894,276,0
1895,282,0
1896,824,0
1897,278,0
1898,278,0
1899,276,0
1900,276,0
1901,278,0
1902,276,0
1903,274,0
1904,274,0
1905,278,0
1906,276,0
1907,278,0
1908,282,0
1909,282,0
1910,284,0
1911,276,0
1912,274,0
1913,278,0
1914,276,0
1915,254,0
1916,282,0
1917,278,0
1918,278,0
1919,636,0
1920,280,0
1921,280,0
1922,282,0
1923,276,0
1924,280,0
1925,262,0
1926,276,0
1927,280,0
1928,278,0
1929,278,0
1930,284,0
1931,276,0
1932,278,0
1933,260,0
1934,284,0
1935,276,0
1936,282,0
1937,274,0
1938,282,0
1939,282,0
1940,278,0
1941,284,0
1942,804,0
1943,276,0
1944,280,0
1945,280,0
1946,284,0
1947,258,0
1948,276,0
1949,276,0
1950,290,0
1951,254,0
1952,280,0
1953,280,0
1954,278,0
1955,278,0
1956,274,0
1957,278,0
1958,276,0
1959,276,0
1960,286,0
1961,278,0
1962,284,0
1963,280,0
1964,276,0
1965,278,0
1966,278,0
1967,278,0
1968,280,0
1969,282,0
1970,278,0
1971,276,0
1972,276,0
1973,270,0
1974,282,0
1975,278,0
1976,278,0
1977,280,0
1978,278,0
1979,284,0
1980,954,0
1981,276,0
1982,276,0
1983,276,0
1984,280,0
1985,280,0
1986,280,0
1987,276,0
1988,278,0
1989,282,0
1990,276,0
1991,280,0
1992,276,0
1993,282,0
1994,282,0
1995,278,0
1996,276,0
1997,302,0
1998,280,0
1999,276,0
2000,282,0
2001,282,0
2002,280,0
2003,574,0
2004,278,0
2005,278,0
2006,284,0
2007,258,0
2008,278,0
2009,280,0
2010,284,0
2011,274,0
2012,280,0
2013,282,0
2014,276,0
2015,276,0
2016,280,0
2017,280,0
2018,278,0
2019,280,0
2020,262,0
2021,280,0
2022,282,0
2023,280,0
2024,284,0
2025,282,0
2026,584,0
2027,276,0
2028,280,0
2029,278,0
2030,282,0
2031,284,0
2032,276,0
2033,282,0
2034,282,0
2035,262,0
2036,278,0
2037,352,0
2038,278,0
2039,280,0
2040,278,0
2041,290,0
2042,278,0
2043,292,0
2044,280,0
2045,280,0
2046,278,0
2047,280,0
2048,278,0
2049,538,0
2050,278,0
2051,276,0
2052,280,0
2053,278,0
2054,278,0
2055,258,0
2056,276,0
2057,276,0
2058,276,0
2059,262,0
2060,280,0
2061,284,0
2062,276,0
2063,276,0
2064,278,0
2065,278,0
2066,284,0
2067,278,0
2068,276,0
2069,280,0
2070,278,0
2071,1232,0
2072,284,0
2073,276,0
2074,278,0
2075,278,0
2076,276,0
2077,276,0
2078,278,0
2079,278,0
2080,284,0
2081,280,0
2082,282,0
2083,282,0
2084,284,0
2085,280,0
2086,280,0
2087,308,0
2088,280,0
2089,278,0
2090,278,0
2091,280,0
2092,282,0
2093,1102,0
2094,282,0
2095,282,0
2096,280,0
2097,260,0
2098,282,0
2099,280,0
2100,276,0
2101,258,0
2102,286,0
2103,278,0
2104,318,0
2105,280,0
2106,282,0
2107,280,0
2108,280,0
2109,282,0
2110,280,0
2111,280,0
2112,280,0
2113,282,0
2114,278,0
2115,672,0
2116,282,0
2117,280,0
2118,280,0
2119,278,0
2120,280,0
2121,280,0
2122,278,0
2123,280,0
2124,284,0
2125,278,0
2126,280,0
2127,278,0
2128,280,0
2129,280,0
2130,282,0
2131,276,0
2132,278,0
2133,284,0
2134,278,0
2135,282,0
2136,280,0
2137,990,0
2138,278,0
2139,278,0
2140,282,0
2141,278,0
2142,282,0
2143,278,0
2144,278,0
2145,278,0
2146,262,0
2147,282,0
2148,284,0
2149,280,0
2150,276,0
2151,274,0
2152,290,0
2153,278,0
2154,282,0
2155,276,0
2156,278,0
2157,278,0
2158,288,0
2159,1090,0
2160,278,0
2161,278,0
2162,278,0
2163,278,0
2164,276,0
2165,278,0
2166,280,0
2167,276,0
2168,278,0
2169,276,0
2170,280,0
2171,276,0
2172,276,0
2173,284,0
2174,276,0
2175,278,0
2176,280,0
2177,282,0
2178,276,0
2179,280,0
2180,282,0
2181,1236,0
2182,282,0
2183,278,0
2184,278,0
2185,282,0
2186,286,0
2187,262,0
2188,288,0
2189,280,0
2190,282,0
2191,276,0
2192,278,0
2193,278,0
2194,276,0
2195,276,0
2196,276,0
2197,276,0
2198,260,0
2199,276,0
2200,280,0
2201,278,0
2202,280,0
2203,904,0
2204,286,0
2205,278,0
2206,284,0
2207,278,0
2208,276,0
2209,276,0
2210,280,0
2211,276,0
2212,276,0
2213,280,0
2214,280,0
2215,278,0
2216,278,0
2217,280,0
2218,276,0
2219,278,0
2220,276,0
2221,282,0
2222,280,0
2223,280,0
2224,282,0
2225,964,0
2226,282,0
2227,278,0
2228,284,0
2229,280,0
2230,276,0
2231,284,0
2232,276,0
2233,278,0
2234,278,0
2235,282,0
2236,284,0
2237,280,0
2238,262,0
2239,280,0
2240,280,0
2241,280,0
2242,278,0
2243,278,0
2244,276,0
2245,260,0
2246,294,0
2247,972,0
2248,276,0
2249,278,0
2250,290,0
2251,278,0
2252,276,0
2253,278,0
2254,276,0
2255,278,0
2256,258,0
2257,276,0
2258,282,0
2259,280,0
2260,276,0
2261,284,0
2262,278,0
2263,276,0
2264,276,0
2265,286,0
2266,282,0
2267,282,0
2268,274,0
2269,998,0
2270,288,0
2271,278,0
2272,278,0
2273,276,0
2274,282,0
2275,284,0
2276,274,0
2277,278,0
2278,282,0
2279,278,0
2280,276,0
2281,278,0
2282,276,0
2283,278,0
2284,276,0
2285,280,0
2286,280,0
2287,278,0
2288,288,0
2289,280,0
2290,284,0
2291,984,0
2292,276,0
2293,274,0
2294,278,0
2295,282,0
2296,278,0
2297,276,0
2298,276,0
2299,286,0
2300,280,0
2301,276,0
2302,278,0
2303,278,0
2304,284,0
2305,280,0
2306,254,0
2307,280,0
2308,276,0
2309,282,0
2310,280,0
2311,280,0
2312,278,0
2313,1014,0
2314,288,0
2315,258,0
2316,280,0
2317,278,0
2318,320,0
2319,282,0
2320,280,0
2321,278,0
2322,282,0
2323,278,0
2324,282,0
2325,280,0
2326,282,0
2327,278,0
2328,284,0
2329,312,0
2330,278,0
2331,276,0
2332,292,0
2333,278,0
2334,288,0
2335,278,0
2336,280,0
2337,280,0
2338,280,0
2339,276,0
2340,284,0
2341,276,0
2342,282,0
2343,280,0
2344,276,0
2345,280,0
2346,276,0
2347,282,0
2348,280,0
2349,278,0
2350,284,0
2351,1118,0
2352,288,0
2353,286,0
2354,276,0
2355,278,0
2356,276,0
2357,280,0
2358,280,0
2359,258,0
2360,278,0
2361,276,0
2362,282,0
2363,284,0
2364,278,0
2365,284,0
2366,284,0
2367,278,0
2368,278,0
2369,278,0
2370,278,0
2371,280,0
2372,278,0
2373,280,0
2374,700,0
2375,282,0
2376,282,0
2377,280,0
2378,280,0
2379,276,0
2380,278,0
2381,276,0
2382,276,0
2383,282,0
2384,280,0
2385,284,0
2386,276,0
2387,280,0
2388,276,0
2389,280,0
2390,280,0
2391,276,0
2392,280,0
2393,276,0
2394,278,0
2395,280,0
2396,280,0
2397,758,0
2398,276,0
2399,280,0
2400,280,0
2401,280,0
2402,280,0
2403,284,0
2404,280,0
2405,282,0
2406,280,0
2407,280,0
2408,280,0
2409,286,0
2410,304,0
2411,278,0
2412,276,0
2413,274,0
2414,278,0
2415,280,0
2416,280,0
2417,278,0
2418,276,0
2419,276,0
2420,688,0
2421,276,0
2422,282,0
2423,280,0
2424,280,0
2425,284,0
2426,280,0
2427,280,0
2428,282,0
2429,276,0
2430,276,0
2431,280,0
2432,278,0
2433,276,0
2434,276,0
2435,282,0
2436,276,0
2437,282,0
2438,278,0
2439,276,0
2440,280,0
2441,284,0
2442,278,0
2443,694,0
2444,258,0
2445,280,0
2446,280,0
2447,282,0
2448,276,0
2449,280,0
2450,280,0
2451,282,0
2452,278,0
2453,276,0
2454,278,0
2455,278,0
2456,286,0
2457,258,0
2458,280,0
2459,280,0
2460,284,0
2461,280,0
2462,278,0
2463,280,0
2464,278,0
2465,280,0
2466,820,0
2467,278,0
2468,260,0
2469,284,0
2470,276,0
2471,256,0
2472,278,0
2473,278,0
2474,282,0
2475,282,0
2476,280,0
2477,286,0
2478,280,0
2479,280,0
2480,276,0
2481,280,0
2482,276,0
2483,280,0
2484,276,0
2485,280,0
2486,278,0
2487,280,0
2488,282,0
2489,760,0
2490,276,0
2491,278,0
2492,286,0
2493,282,0
2494,274,0
2495,274,0
2496,276,0
2497,280,0
2498,278,0
2499,280,0
2500,282,0
2501,276,0
2502,278,0
2503,280,0
2504,278,0
2505,280,0
2506,256,0
2507,262,0
2508,280,0
2509,280,0
2510,294,0
2511,276,0
2512,728,0
2513,278,0
2514,276,0
2515,276,0
2516,288,0
2517,296,0
2518,276,0
2519,254,0
2520,278,0
2521,266,0
2522,280,0
2523,280,0
2524,278,0
2525,280,0
2526,278,0
2527,280,0
2528,278,0
2529,278,0
2530,278,0
2531,278,0
2532,282,0
2533,256,0
2534,276,0
2535,772,0
2536,280,0
2537,282,0
2538,282,0
2539,282,0
2540,270,0
2541,278,0
2542,282,0
2543,282,0
2544,278,0
2545,282,0
2546,282,0
2547,282,0
2548,276,0
2549,280,0
2550,280,0
2551,280,0
2552,278,0
2553,276,0
2554,276,0
2555,278,0
2556,280,0
2557,280,0
2558,752,0
2559,278,0
2560,280,0
2561,284,0
2562,290,0
2563,280,0
2564,280,0
2565,280,0
2566,280,0
2567,280,0
2568,280,0
2569,276,0
2570,278,0
2571,282,0
2572,276,0
2573,278,0
2574,276,0
2575,276,0
2576,290,0
2577,284,0
2578,280,0
2579,284,0
2580,282,0
2581,652,0
2582,280,0
2583,278,0
2584,282,0
2585,280,0
2586,280,0
2587,280,0
2588,282,0
2589,276,0
2590,276,0
2591,280,0
2592,276,0
2593,280,0
2594,278,0
2595,276,0
2596,280,0
2597,256,0
2598,276,0
2599,278,0
2600,276,0
2601,280,0
2602,292,0
2603,278,0
2604,614,0
2605,276,0
2606,278,0
2607,278,0
2608,276,0
2609,276,0
2610,284,0
2611,276,0
2612,278,0
2613,278,0
2614,278,0
2615,280,0
2616,278,0
2617,288,0
2618,276,0
2619,282,0
2620,278,0
2621,280,0
2622,260,0
2623,258,0
2624,282,0
2625,280,0
2626,276,0
2627,786,0
2628,276,0
2629,276,0
2630,276,0
2631,258,0
2632,278,0
2633,278,0
2634,280,0
2635,278,0
2636,278,0
2637,280,0
2638,282,0
2639,278,0
2640,280,0
2641,276,0
2642,276,0
2643,284,0
2644,276,0
2645,282,0
2646,278,0
2647,300,0
2648,280,0
2649,276,0
2650,850,0
2651,278,0
2652,276,0
2653,280,0
2654,276,0
2655,280,0
2656,280,0
2657,260,0
2658,278,0
2659,276,0
2660,280,0
2661,276,0
2662,276,0
2663,280,0
2664,278,0
2665,282,0
2666,260,0
2667,280,0
2668,258,0
2669,280,0
2670,282,0
2671,282,0
2672,280,0
2673,748,0
2674,262,0
2675,280,0
2676,298,0
2677,284,0
2678,282,0
2679,280,0
2680,286,0
2681,278,0
2682,282,0
2683,284,0
2684,280,0
2685,276,0
2686,276,0
2687,278,0
2688,266,0
2689,284,0
2690,278,0
2691,284,0
2692,276,0
2693,280,0
2694,278,0
2695,276,0
2696,686,0
2697,278,0
2698,278,0
2699,278,0
2700,276,0
2701,282,0
2702,280,0
2703,284,0
2704,296,0
2705,280,0
2706,278,0
2707,310,0
2708,282,0
2709,1004,0
2710,280,0
2711,260,0
2712,280,0
2713,258,0
2714,278,0
2715,314,0
2716,282,0
2717,278,0
2718,286,0
2719,286,0
2720,282,0
2721,266,0
2722,276,0
2723,278,0
2724,282,0
2725,280,0
2726,282,0
2727,280,0
2728,260,0
2729,278,0
2730,278,0
2731,1206,0
2732,260,0
2733,276,0
2734,294,0
2735,282,0
2736,318,0
2737,278,0
2738,278,0
2739,278,0
2740,280,0
2741,256,0
2742,278,0
2743,280,0
2744,280,0
2745,280,0
2746,282,0
2747,284,0
2748,282,0
2749,276,0
2750,280,0
2751,276,0
2752,280,0
2753,1382,0
2754,282,0
2755,278,0
2756,276,0
2757,280,0
2758,280,0
2759,282,0
2760,282,0
2761,402,0
2762,280,0
2763,284,0
2764,278,0
2765,278,0
2766,280,0
2767,278,0
2768,260,0
2769,280,0
2770,264,0
2771,278,0
2772,278,0
2773,282,0
2774,282,0
2775,1260,0
2776,284,0
2777,256,0
2778,276,0
2779,280,0
2780,284,0
2781,276,0
2782,276,0
2783,280,0
2784,280,0
2785,280,0
2786,260,0
2787,280,0
2788,288,0
2789,284,0
2790,280,0
2791,280,0
2792,314,0
2793,282,0
2794,398,0
2795,282,0
2796,276,0
2797,906,0
2798,280,0
2799,272,0
2800,262,0
2801,262,0
2802,282,0
2803,298,0
2804,282,0
2805,284,0
2806,276,0
2807,282,0
2808,278,0
2809,262,0
2810,280,0
2811,284,0
2812,280,0
2813,280,0
2814,256,0
2815,316,0
2816,278,0
2817,276,0
2818,280,0
2819,258,0
2820,782,0
2821,278,0
2822,276,0
2823,256,0
2824,282,0
2825,280,0
2826,280,0
2827,284,0
2828,286,0
2829,276,0
2830,260,0
2831,276,0
2832,280,0
2833,276,0
2834,260,0
2835,276,0
2836,288,0
2837,280,0
2838,286,0
2839,276,0
2840,280,0
2841,282,0
2842,1220,0
2843,280,0
2844,282,0
2845,280,0
2846,278,0
2847,278,0
2848,280,0
2849,280,0
2850,280,0
2851,280,0
2852,306,0
2853,276,0
2854,280,0
2855,262,0
2856,278,0
2857,262,0
2858,280,0
2859,284,0
2860,278,0
2861,268,0
2862,280,0
2863,282,0
2864,278,0
2865,602,0
2866,276,0
2867,288,0
2868,280,0
2869,280,0
2870,286,0
2871,276,0
2872,278,0
2873,264,0
2874,260,0
2875,276,0
2876,280,0
2877,258,0
2878,282,0
2879,276,0
2880,276,0
2881,280,0
2882,258,0
2883,280,0
2884,256,0
2885,286,0
2886,256,0
2887,1354,0
2888,278,0
2889,262,0
2890,278,0
2891,280,0
2892,276,0
2893,280,0
2894,264,0
2895,258,0
2896,288,0
2897,282,0
2898,282,0
2899,278,0
2900,276,0
2901,266,0
2902,276,0
2903,284,0
2904,268,0
2905,260,0
2906,274,0
2907,264,0
2908,276,0
2909,1360,0
2910,280,0
2911,258,0
2912,264,0
2913,280,0
2914,266,0
2915,258,0
2916,254,0
2917,286,0
2918,282,0
2919,268,0
2920,280,0
2921,280,0
2922,280,0
2923,284,0
2924,280,0
2925,284,0
2926,280,0
2927,280,0
2928,280,0
2929,280,0
2930,282,0
2931,262,0
2932,578,0
2933,264,0
2934,262,0
2935,278,0
2936,276,0
2937,266,0
2938,340,0
2939,282,0
2940,264,0
2941,286,0
2942,258,0
2943,310,0
2944,280,0
2945,262,0
2946,276,0
2947,312,0
2948,280,0
2949,280,0
2950,256,0
2951,258,0
2952,288,0
2953,278,0
2954,1188,0
2955,292,0
2956,280,0
2957,262,0
2958,278,0
2959,266,0
2960,312,0
2961,284,0
2962,256,0
2963,258,0
2964,280,0
2965,258,0
2966,274,0
2967,282,0
2968,282,0
2969,278,0
2970,264,0
2971,302,0
2972,300,0
2973,278,0
2974,258,0
2975,280,0
2976,278,0
2977,568,0
2978,260,0
2979,278,0
2980,278,0
2981,262,0
2982,274,0
2983,262,0
2984,264,0
2985,276,0
2986,260,0
2987,280,0
2988,290,0
2989,264,0
2990,260,0
2991,284,0
2992,280,0
2993,276,0
2994,280,0
2995,290,0
2996,280,0
2997,294,0
2998,258,0
2999,280,0
3000,806,0
3001,256,0
3002,268,0
3003,280,0
3004,258,0
3005,282,0
3006,266,0
3007,296,0
3008,324,0
3009,280,0
3010,256,0
3011,286,0
3012,280,0
3013,306,0
3014,280,0
3015,280,0
3016,264,0
3017,284,0
3018,258,0
3019,282,0
3020,280,0
3021,262,0
3022,1038,0
3023,276,0
3024,264,0
3025,278,0
3026,274,0
3027,268,0
3028,262,0
3029,292,0
3030,262,0
3031,258,0
3032,310,0
3033,292,0
3034,270,0
3035,260,0
3036,276,0
3037,260,0
3038,276,0
3039,262,0
3040,256,0
3041,284,0
3042,288,0
3043,256,0
3044,262,0
3045,572,0
3046,282,0
3047,274,0
3048,278,0
3049,266,0
3050,282,0
3051,284,0
3052,278,0
3053,280,0
3054,260,0
3055,276,0
3056,268,0
3057,288,0
3058,284,0
3059,260,0
3060,280,0
3061,260,0
3062,260,0
3063,278,0
3064,258,0
3065,290,0
3066,396,0
3067,262,0
3068,566,0
3069,262,0
3070,274,0
3071,278,0
3072,260,0
3073,280,0
3074,280,0
3075,400,0
3076,288,0
3077,278,0
3078,308,0
3079,1184,0
3080,276,0
3081,278,0
3082,260,0
3083,284,0
3084,284,0
3085,268,0
3086,280,0
3087,282,0
3088,298,0
3089,276,0
3090,276,0
3091,276,0
3092,264,0
3093,278,0
3094,258,0
3095,278,0
3096,276,0
3097,282,0
3098,258,0
3099,278,0
3100,254,0
3101,276,0
3102,580,0
3103,284,0
3104,258,0
3105,320,0
3106,290,0
3107,280,0
3108,272,0
3109,280,0
3110,280,0
3111,282,0
3112,268,0
3113,332,0
3114,300,0
3115,278,0
3116,284,0
3117,276,0
3118,286,0
3119,284,0
3120,266,0
3121,256,0
3122,286,0
3123,266,0
3124,280,0
3125,584,0
3126,260,0
3127,260,0
3128,278,0
3129,262,0
3130,260,0
3131,264,0
3132,286,0
3133,280,0
3134,264,0
3135,282,0
3136,258,0
3137,258,0
3138,284,0
3139,284,0
3140,270,0
3141,258,0
3142,280,0
3143,292,0
3144,306,0
3145,278,0
3146,272,0
3147,268,0
3148,768,0
3149,330,0
3150,280,0
3151,282,0
3152,260,0
3153,278,0
3154,278,0
3155,280,0
3156,282,0
3157,280,0
3158,278,0
3159,278,0
3160,278,0
3161,274,0
3162,278,0
3163,282,0
3164,276,0
3165,258,0
3166,260,0
3167,280,0
3168,280,0
3169,282,0
3170,1384,0
3171,280,0
3172,280,0
3173,292,0
3174,268,0
3175,308,0
3176,262,0
3177,278,0
3178,278,0
3179,284,0
3180,264,0
3181,254,0
3182,276,0
3183,268,0
3184,286,0
3185,280,0
3186,260,0
3187,280,0
3188,280,0
3189,254,0
3190,260,0
3191,282,0
3192,290,0
3193,582,0
3194,260,0
3195,262,0
3196,280,0
3197,262,0
3198,278,0
3199,278,0
3200,256,0
3201,280,0
3202,278,0
3203,278,0
3204,260,0
3205,258,0
3206,308,0
3207,254,0
3208,284,0
3209,258,0
3210,280,0
3211,280,0
3212,278,0
3213,258,0
3214,288,0
3215,1384,0
3216,276,0
3217,284,0
3218,256,0
3219,276,0
3220,258,0
3221,278,0
3222,290,0
3223,280,0
3224,256,0
3225,280,0
3226,256,0
3227,296,0
3228,262,0
3229,310,0
3230,312,0
3231,284,0
3232,260,0
3233,280,0
3234,256,0
3235,326,0
3236,262,0
3237,278,0
3238,578,0
3239,278,0
3240,280,0
3241,260,0
3242,280,0
3243,278,0
3244,270,0
3245,280,0
3246,276,0
3247,280,0
3248,276,0
3249,280,0
3250,280,0
3251,266,0
3252,272,0
3253,278,0
3254,298,0
3255,280,0
3256,282,0
3257,280,0
3258,276,0
3259,276,0
3260,266,0
3261,548,0
3262,280,0
3263,280,0
3264,278,0
3265,290,0
3266,300,0
3267,278,0
3268,280,0
3269,282,0
3270,258,0
3271,278,0
3272,276,0
3273,284,0
3274,260,0
3275,286,0
3276,304,0
3277,278,0
3278,282,0
3279,286,0
3280,280,0
3281,280,0
3282,280,0
3283,278,0
3284,596,0
3285,280,0
3286,260,0
3287,278,0
3288,276,0
3289,280,0
3290,278,0
3291,310,0
3292,262,0
3293,278,0
3294,276,0
3295,264,0
3296,316,0
3297,276,0
3298,266,0
3299,284,0
3300,278,0
3301,280,0
3302,276,0
3303,284,0
3304,280,0
3305,260,0
3306,258,0
3307,572,0
3308,278,0
3309,280,0
3310,278,0
3311,258,0
3312,272,0
3313,278,0
3314,280,0
3315,278,0
3316,258,0
3317,284,0
3318,260,0
3319,284,0
3320,288,0
3321,266,0
3322,280,0
3323,282,0
3324,280,0
3325,280,0
3326,280,0
3327,286,0
3328,280,0
3329,1142,0
3330,282,0
3331,282,0
3332,282,0
3333,290,0
3334,278,0
3335,278,0
3336,278,0
3337,258,0
3338,262,0
3339,282,0
3340,262,0
3341,292,0
3342,272,0
3343,294,0
3344,276,0
3345,276,0
3346,282,0
3347,262,0
3348,296,0
3349,278,0
3350,266,0
3351,276,0
3352,568,0
3353,280,0
3354,288,0
3355,278,0
3356,280,0
3357,258,0
3358,262,0
3359,278,0
3360,270,0
3361,276,0
3362,282,0
3363,292,0
3364,280,0
3365,280,0
3366,280,0
3367,282,0
3368,276,0
3369,268,0
3370,284,0
3371,282,0
3372,284,0
3373,262,0
3374,1302,0
3375,280,0
3376,258,0
3377,262,0
3378,258,0
3379,276,0
3380,290,0
3381,284,0
3382,260,0
3383,278,0
3384,378,0
3385,268,0
3386,276,0
3387,284,0
3388,416,0
3389,286,0
3390,552,0
3391,266,0
3392,260,0
3393,286,0
3394,272,0
3395,282,0
3396,260,0
3397,278,0
3398,278,0
3399,282,0
3400,974,0
3401,266,0
3402,280,0
3403,290,0
3404,280,0
3405,284,0
3406,280,0
3407,260,0
3408,280,0
3409,264,0
3410,280,0
3411,280,0
3412,260,0
3413,280,0
3414,278,0
3415,264,0
3416,262,0
3417,280,0
3418,280,0
3419,284,0
3420,282,0
3421,276,0
3422,266,0
3423,562,0
3424,278,0
3425,284,0
3426,262,0
3427,368,0
3428,282,0
3429,282,0
3430,280,0
3431,288,0
3432,276,0
3433,284,0
3434,284,0
3435,256,0
3436,288,0
3437,276,0
3438,274,0
3439,308,0
3440,280,0
3441,282,0
3442,258,0
3443,326,0
3444,278,0
3445,920,0
3446,294,0
3447,258,0
3448,270,0
3449,296,0
3450,254,0
3451,310,0
3452,280,0
3453,278,0
3454,288,0
3455,278,0
3456,264,0
3457,282,0
3458,276,0
3459,676,0
3460,266,0
3461,288,0
3462,278,0
3463,318,0
3464,302,0
3465,260,0
3466,280,0
3467,278,0
3468,264,0
3469,278,0
3470,260,0
3471,276,0
3472,318,0
3473,256,0
3474,262,0
3475,306,0
3476,262,0
3477,296,0
3478,254,0
3479,280,0
3480,280,0
3481,322,0
3482,1126,0
3483,276,0
3484,276,0
3485,276,0
3486,282,0
3487,280,0
3488,278,0
3489,258,0
3490,278,0
3491,282,0
3492,280,0
3493,260,0
3494,258,0
3495,280,0
3496,260,0
3497,278,0
3498,256,0
3499,282,0
3500,262,0
3501,260,0
3502,260,0
3503,256,0
3504,258,0
3505,540,0
3506,276,0
3507,278,0
3508,294,0
3509,256,0
3510,266,0
3511,256,0
3512,276,0
3513,306,0
3514,262,0
3515,260,0
3516,276,0
3517,254,0
3518,264,0
3519,296,0
3520,280,0
3521,262,0
3522,290,0
3523,260,0
3524,262,0
3525,280,0
3526,282,0
3527,802,0
3528,300,0
3529,266,0
3530,258,0
3531,256,0
3532,290,0
3533,278,0
3534,280,0
3535,280,0
3536,314,0
3537,312,0
3538,278,0
3539,286,0
3540,278,0
3541,278,0
3542,284,0
3543,342,0
3544,340,0
3545,284,0
3546,276,0
3547,276,0
3548,276,0
3549,1238,0
3550,282,0
3551,410,0
3552,278,0
3553,282,0
3554,284,0
3555,278,0
3556,272,0
3557,332,0
3558,266,0
3559,286,0
3560,278,0
3561,282,0
3562,278,0
3563,264,0
3564,278,0
3565,272,0
3566,280,0
3567,258,0
3568,260,0
3569,258,0
3570,278,0
3571,1192,0
3572,258,0
3573,370,0
3574,280,0
3575,266,0
3576,284,0
3577,276,0
3578,260,0
3579,276,0
3580,280,0
3581,282,0
3582,278,0
3583,278,0
3584,276,0
3585,280,0
3586,258,0
3587,286,0
3588,262,0
3589,284,0
3590,266,0
3591,282,0
3592,262,0
3593,260,0
3594,560,0
3595,262,0
3596,258,0
3597,266,0
3598,262,0
3599,298,0
3600,258,0
3601,280,0
3602,262,0
3603,266,0
3604,280,0
3605,280,0
3606,280,0
3607,308,0
3608,282,0
3609,366,0
3610,284,0
3611,280,0
3612,278,0
3613,290,0
3614,264,0
3615,282,0
3616,1212,0
3617,262,0
3618,268,0
3619,266,0
3620,278,0
3621,296,0
3622,282,0
3623,256,0
3624,276,0
3625,282,0
3626,292,0
3627,280,0
3628,270,0
3629,290,0
3630,294,0
3631,282,0
3632,266,0
3633,282,0
3634,260,0
3635,258,0
3636,276,0
3637,278,0
3638,1254,0
3639,278,0
3640,280,0
3641,270,0
3642,258,0
3643,286,0
3644,282,0
3645,366,0
3646,280,0
3647,292,0
3648,256,0
3649,284,0
3650,316,0
3651,258,0
3652,282,0
3653,284,0
3654,264,0
3655,278,0
3656,270,0
3657,292,0
3658,276,0
3659,266,0
3660,264,0
3661,624,0
3662,284,0
3663,282,0
3664,282,0
3665,270,0
3666,278,0
3667,274,0
3668,260,0
3669,276,0
3670,364,0
3671,284,0
3672,278,0
3673,294,0
3674,278,0
3675,280,0
3676,278,0
3677,280,0
3678,280,0
3679,358,0
3680,396,0
3681,280,0
3682,276,0
3683,548,0
3684,278,0
3685,294,0
3686,280,0
3687,280,0
3688,260,0
3689,284,0
3690,280,0
3691,262,0
3692,260,0
3693,284,0
3694,284,0
3695,274,0
3696,294,0
3697,276,0
3698,306,0
3699,262,0
3700,278,0
3701,396,0
3702,312,0
3703,280,0
3704,258,0
3705,792,0
3706,282,0
3707,286,0
3708,266,0
3709,282,0
3710,310,0
3711,260,0
3712,254,0
3713,280,0
3714,256,0
3715,266,0
3716,258,0
3717,286,0
3718,280,0
3719,310,0
3720,304,0
3721,258,0
3722,276,0
3723,284,0
3724,286,0
3725,278,0
3726,264,0
3727,620,0
3728,286,0
3729,272,0
3730,278,0
3731,290,0
3732,278,0
3733,262,0
3734,278,0
3735,262,0
3736,282,0
3737,280,0
3738,260,0
3739,282,0
3740,280,0
3741,276,0
3742,280,0
3743,266,0
3744,260,0
3745,280,0
3746,276,0
3747,268,0
3748,276,0
3749,1172,0
3750,286,0
3751,278,0
3752,262,0
3753,280,0
3754,280,0
3755,296,0
3756,268,0
3757,286,0
3758,280,0
3759,280,0
3760,304,0
3761,262,0
3762,280,0
3763,268,0
3764,260,0
3765,282,0
3766,258,0
3767,278,0
3768,284,0
3769,294,0
3770,280,0
3771,674,0
3772,280,0
3773,280,0
3774,266,0
3775,260,0
3776,278,0
3777,276,0
3778,260,0
3779,310,0
3780,284,0
3781,276,0
3782,284,0
3783,278,0
3784,276,0
3785,280,0
3786,284,0
3787,254,0
3788,280,0
3789,258,0
3790,258,0
3791,280,0
3792,266,0
3793,678,0
3794,320,0
3795,276,0
3796,276,0
3797,280,0
3798,288,0
3799,278,0
3800,280,0
3801,284,0
3802,276,0
3803,262,0
3804,284,0
3805,258,0
3806,276,0
3807,280,0
3808,278,0
3809,316,0
3810,260,0
3811,256,0
3812,266,0
3813,294,0
3814,280,0
3815,820,0
3816,268,0
3817,268,0
3818,282,0
3819,280,0
3820,266,0
3821,286,0
3822,386,0
3823,262,0
3824,260,0
3825,316,0
3826,286,0
3827,280,0
3828,292,0
3829,920,0
3830,278,0
3831,280,0
3832,308,0
3833,280,0
3834,274,0
3835,290,0
3836,286,0
3837,280,0
3838,280,0
3839,276,0
3840,290,0
3841,282,0
3842,262,0
3843,280,0
3844,280,0
3845,288,0
3846,258,0
3847,284,0
3848,288,0
3849,280,0
3850,282,0
3851,1142,0
3852,312,0
3853,280,0
3854,278,0
3855,276,0
3856,276,0
3857,282,0
3858,280,0
3859,292,0
3860,276,0
3861,278,0
3862,276,0
3863,258,0
3864,280,0
3865,256,0
3866,292,0
3867,262,0
3868,266,0
3869,280,0
3870,280,0
3871,282,0
3872,280,0
3873,266,0
3874,978,0
3875,254,0
3876,284,0
3877,380,0
3878,260,0
3879,256,0
3880,308,0
3881,280,0
3882,254,0
3883,276,0
3884,276,0
3885,282,0
3886,278,0
3887,282,0
3888,256,0
3889,278,0
3890,292,0
3891,282,0
3892,256,0
3893,280,0
3894,296,0
3895,284,0
3896,796,0
3897,262,0
3898,262,0
3899,352,0
3900,352,0
3901,276,0
3902,280,0
3903,278,0
3904,300,0
3905,304,0
3906,284,0
3907,258,0
3908,276,0
3909,282,0
3910,258,0
3911,264,0
3912,280,0
3913,286,0
3914,276,0
3915,264,0
3916,262,0
3917,258,0
3918,798,0
3919,272,0
3920,292,0
3921,314,0
3922,280,0
3923,256,0
3924,266,0
3925,264,0
3926,280,0
3927,256,0
3928,286,0
3929,268,0
3930,276,0
3931,288,0
3932,276,0
3933,304,0
3934,280,0
3935,264,0
3936,260,0
3937,284,0
3938,294,0
3939,278,0
3940,1268,0
3941,294,0
3942,260,0
3943,280,0
3944,286,0
3945,308,0
3946,256,0
3947,282,0
3948,278,0
3949,266,0
3950,284,0
3951,270,0
3952,264,0
3953,282,0
3954,278,0
3955,278,0
3956,284,0
3957,280,0
3958,282,0
3959,296,0
3960,282,0
3961,284,0
3962,1092,0
3963,278,0
3964,284,0
3965,258,0
3966,260,0
3967,284,0
3968,280,0
3969,276,0
3970,278,0
3971,278,0
3972,292,0
3973,266,0
3974,280,0
3975,276,0
3976,276,0
3977,296,0
3978,276,0
3979,284,0
3980,276,0
3981,294,0
3982,264,0
3983,268,0
3984,1398,0
3985,274,0
3986,276,0
3987,280,0
3988,286,0
3989,278,0
3990,288,0
3991,284,0
3992,260,0
3993,268,0
3994,278,0
3995,278,0
3996,306,0
3997,278,0
3998,286,0
3999,290,0
4000,304,0
4001,278,0
4002,276,0
4003,278,0
4004,266,0
4005,266,0
4006,1292,0
4007,390,0
4008,260,0
4009,262,0
4010,260,0
4011,290,0
4012,258,0
4013,280,0
4014,288,0
4015,278,0
4016,278,0
4017,280,0
4018,278,0
4019,276,0
4020,284,0
4021,276,0
4022,278,0
4023,274,0
4024,278,0
4025,284,0
4026,286,0
4027,276,0
4028,1076,0
4029,280,0
4030,262,0
4031,276,0
4032,262,0
4033,280,0
4034,280,0
4035,312,0
4036,276,0
4037,278,0
4038,300,0
4039,290,0
4040,284,0
4041,284,0
4042,280,0
4043,258,0
4044,406,0
4045,280,0
4046,280,0
4047,290,0
4048,276,0
4049,276,0
4050,1118,0
4051,362,0
4052,282,0
4053,280,0
4054,264,0
4055,280,0
4056,278,0
4057,262,0
4058,260,0
4059,276,0
4060,278,0
4061,278,0
4062,276,0
4063,352,0
4064,280,0
4065,278,0
4066,260,0
4067,276,0
4068,274,0
4069,278,0
4070,276,0
4071,328,0
4072,1098,0
4073,278,0
4074,278,0
4075,388,0
4076,286,0
4077,276,0
4078,298,0
4079,278,0
4080,280,0
4081,260,0
4082,260,0
4083,278,0
4084,282,0
4085,280,0
4086,280,0
4087,270,0
4088,276,0
4089,262,0
4090,280,0
4091,254,0
4092,262,0
4093,278,0
4094,1186,0
4095,264,0
4096,282,0
4097,280,0
4098,262,0
4099,278,0
4100,280,0
4101,264,0
4102,280,0
4103,276,0
4104,260,0
4105,310,0
4106,278,0
4107,278,0
4108,276,0
4109,358,0
4110,286,0
4111,280,0
4112,264,0
4113,258,0
4114,278,0
4115,278,0
4116,1368,0
4117,258,0
4118,284,0
4119,284,0
4120,300,0
4121,278,0
4122,310,0
4123,280,0
4124,278,0
4125,350,0
4126,278,0
4127,276,0
4128,384,0
4129,256,0
4130,280,0
4131,280,0
4132,284,0
4133,282,0
4134,256,0
4135,282,0
4136,282,0
4137,278,0
4138,1266,0
4139,276,0
4140,278,0
4141,284,0
4142,280,0
4143,310,0
4144,282,0
4145,276,0
4146,280,0
4147,284,0
4148,282,0
4149,278,0
4150,264,0
4151,278,0
4152,282,0
4153,288,0
4154,276,0
4155,280,0
4156,284,0
4157,258,0
4158,262,0
4159,286,0
4160,282,0
4161,572,0
4162,276,0
4163,282,0
4164,280,0
4165,286,0
4166,286,0
4167,274,0
4168,284,0
4169,276,0
4170,282,0
4171,280,0
4172,294,0
4173,276,0
4174,282,0
4175,278,0
4176,286,0
4177,258,0
4178,280,0
4179,268,0
4180,282,0
4181,282,0
4182,266,0
4183,1300,0
4184,278,0
4185,282,0
4186,278,0
4187,312,0
4188,280,0
4189,280,0
4190,282,0
4191,288,0
4192,260,0
4193,276,0
4194,326,0
4195,264,0
4196,280,0
4197,1002,0
4198,280,0
4199,278,0
4200,254,0
4201,262,0
4202,276,0
4203,280,0
4204,396,0
4205,278,0
4206,278,0
4207,278,0
4208,290,0
4209,280,0
4210,280,0
4211,274,0
4212,260,0
4213,300,0
4214,282,0
4215,300,0
4216,280,0
4217,258,0
4218,312,0
4219,1274,0
4220,262,0
4221,284,0
4222,280,0
4223,258,0
4224,282,0
4225,264,0
4226,282,0
4227,280,0
4228,266,0
4229,278,0
4230,282,0
4231,276,0
4232,284,0
4233,258,0
4234,278,0
4235,278,0
4236,260,0
4237,282,0
4238,278,0
4239,280,0
4240,278,0
4241,1304,0
4242,276,0
4243,282,0
4244,284,0
4245,278,0
4246,280,0
4247,280,0
4248,280,0
4249,264,0
4250,282,0
4251,286,0
4252,276,0
4253,276,0
4254,262,0
4255,278,0
4256,264,0
4257,280,0
4258,278,0
4259,278,0
4260,302,0
4261,278,0
4262,280,0
4263,1316,0
4264,280,0
4265,288,0
4266,280,0
4267,280,0
4268,278,0
4269,286,0
4270,280,0
4271,394,0
4272,284,0
4273,260,0
4274,358,0
4275,288,0
4276,280,0
4277,280,0
4278,266,0
4279,280,0
4280,280,0
4281,282,0
4282,278,0
4283,284,0
4284,296,0
4285,1106,0
4286,292,0
4287,278,0
4288,278,0
4289,280,0
4290,276,0
4291,278,0
4292,282,0
4293,278,0
4294,278,0
4295,280,0
4296,306,0
4297,278,0
4298,276,0
4299,276,0
4300,278,0
4301,278,0
4302,286,0
4303,278,0
4304,278,0
4305,280,0
4306,264,0
4307,1342,0
4308,278,0
4309,280,0
4310,284,0
4311,278,0
4312,280,0
4313,294,0
4314,294,0
4315,284,0
4316,278,0
4317,258,0
4318,276,0
4319,352,0
4320,254,0
4321,276,0
4322,256,0
4323,412,0
4324,254,0
4325,276,0
4326,274,0
4327,290,0
4328,282,0
4329,1198,0
4330,280,0
4331,280,0
4332,256,0
4333,278,0
4334,280,0
4335,284,0
4336,282,0
4337,262,0
4338,306,0
4339,260,0
4340,278,0
4341,276,0
4342,258,0
4343,280,0
4344,284,0
4345,280,0
4346,282,0
4347,278,0
4348,280,0
4349,274,0
4350,276,0
4351,278,0
4352,614,0
4353,256,0
4354,278,0
4355,284,0
4356,286,0
4357,290,0
4358,278,0
4359,278,0
4360,262,0
4361,258,0
4362,276,0
4363,278,0
4364,284,0
4365,276,0
4366,288,0
4367,280,0
4368,284,0
4369,260,0
4370,280,0
4371,276,0
4372,274,0
4373,282,0
4374,1200,0
4375,276,0
4376,282,0
4377,280,0
4378,276,0
4379,288,0
4380,276,0
4381,258,0
4382,282,0
4383,260,0
4384,264,0
4385,288,0
4386,280,0
4387,282,0
4388,282,0
4389,280,0
4390,328,0
4391,266,0
4392,286,0
4393,282,0
4394,318,0
4395,276,0
4396,1204,0
4397,260,0
4398,278,0
4399,286,0
4400,276,0
4401,268,0
4402,282,0
4403,278,0
4404,262,0
4405,280,0
4406,280,0
4407,282,0
4408,260,0
4409,276,0
4410,270,0
4411,278,0
4412,278,0
4413,278,0
4414,264,0
4415,260,0
4416,284,0
4417,276,0
4418,278,0
4419,794,0
4420,288,0
4421,278,0
4422,280,0
4423,284,0
4424,278,0
4425,276,0
4426,276,0
4427,282,0
4428,292,0
4429,282,0
4430,280,0
4431,286,0
4432,278,0
4433,278,0
4434,390,0
4435,274,0
4436,276,0
4437,274,0
4438,266,0
4439,282,0
4440,276,0
4441,944,0
4442,282,0
4443,284,0
4444,256,0
4445,276,0
4446,276,0
4447,284,0
4448,294,0
4449,280,0
4450,274,0
4451,282,0
4452,256,0
4453,300,0
4454,278,0
4455,296,0
4456,284,0
4457,280,0
4458,280,0
4459,292,0
4460,282,0
4461,278,0
4462,284,0
4463,1290,0
4464,258,0
4465,276,0
4466,280,0
4467,278,0
4468,278,0
4469,280,0
4470,282,0
4471,276,0
4472,274,0
4473,314,0
4474,280,0
4475,276,0
4476,280,0
4477,284,0
4478,280,0
4479,276,0
4480,284,0
4481,280,0
4482,284,0
4483,276,0
4484,276,0
4485,296,0
4486,552,0
4487,280,0
4488,280,0
4489,280,0
4490,282,0
4491,290,0
4492,258,0
4493,280,0
4494,278,0
4495,280,0
4496,276,0
4497,284,0
4498,258,0
4499,280,0
4500,278,0
4501,282,0
4502,292,0
4503,282,0
4504,282,0
4505,280,0
4506,282,0
4507,282,0
4508,1298,0
4509,280,0
4510,280,0
4511,282,0
4512,326,0
4513,282,0
4514,278,0
4515,280,0
4516,280,0
4517,260,0
4518,280,0
4519,280,0
4520,280,0
4521,280,0
4522,282,0
4523,262,0
4524,280,0
4525,282,0
4526,300,0
4527,320,0
4528,340,0
4529,278,0
4530,1194,0
4531,282,0
4532,266,0
4533,260,0
4534,276,0
4535,278,0
4536,280,0
4537,340,0
4538,282,0
4539,260,0
4540,276,0
4541,284,0
4542,400,0
4543,278,0
4544,278,0
4545,280,0
4546,266,0
4547,388,0
4548,280,0
4549,278,0
4550,280,0
4551,296,0
4552,1460,0
4553,284,0
4554,258,0
4555,282,0
4556,258,0
4557,260,0
4558,274,0
4559,280,0
4560,282,0
4561,258,0
4562,280,0
4563,278,0
4564,1002,0
4565,282,0
4566,280,0
4567,280,0
4568,276,0
4569,276,0
4570,298,0
4571,266,0
4572,272,0
4573,260,0
4574,280,0
4575,282,0
4576,284,0
4577,258,0
4578,282,0
4579,280,0
4580,278,0
4581,280,0
4582,280,0
4583,276,0
4584,280,0
4585,282,0
4586,1308,0
4587,282,0
4588,276,0
4589,278,0
4590,276,0
4591,366,0
4592,280,0
4593,280,0
4594,278,0
4595,284,0
4596,278,0
4597,318,0
4598,280,0
4599,282,0
4600,280,0
4601,260,0
4602,284,0
4603,280,0
4604,278,0
4605,280,0
4606,296,0
4607,264,0
4608,1364,0
4609,286,0
4610,278,0
4611,278,0
4612,260,0
4613,278,0
4614,280,0
4615,272,0
4616,278,0
4617,278,0
4618,278,0
4619,286,0
4620,276,0
4621,278,0
4622,280,0
4623,258,0
4624,276,0
4625,274,0
4626,282,0
4627,278,0
4628,276,0
4629,280,0
4630,284,0
4631,670,0
4632,288,0
4633,274,0
4634,282,0
4635,284,0
4636,276,0
4637,278,0
4638,282,0
4639,276,0
4640,282,0
4641,280,0
4642,262,0
4643,276,0
4644,276,0
4645,280,0
4646,284,0
4647,282,0
4648,282,0
4649,280,0
4650,276,0
4651,278,0
4652,280,0
4653,278,0
4654,578,0
4655,276,0
4656,258,0
4657,288,0
4658,282,0
4659,260,0
4660,280,0
4661,278,0
4662,278,0
4663,278,0
4664,282,0
4665,278,0
4666,278,0
4667,278,0
4668,276,0
4669,282,0
4670,278,0
4671,280,0
4672,282,0
4673,282,0
4674,280,0
4675,258,0
4676,280,0
4677,568,0
4678,282,0
4679,276,0
4680,284,0
4681,278,0
4682,284,0
4683,282,0
4684,276,0
4685,288,0
4686,274,0
4687,276,0
4688,284,0
4689,278,0
4690,280,0
4691,276,0
4692,278,0
4693,290,0
4694,276,0
4695,278,0
4696,256,0
4697,280,0
4698,278,0
4699,290,0
4700,576,0
4701,276,0
4702,276,0
4703,274,0
4704,278,0
4705,262,0
4706,254,0
4707,288,0
4708,280,0
4709,258,0
4710,276,0
4711,256,0
4712,276,0
4713,284,0
4714,278,0
4715,276,0
4716,280,0
4717,280,0
4718,278,0
4719,276,0
4720,276,0
4721,278,0
4722,282,0
4723,562,0
4724,276,0
4725,388,0
4726,282,0
4727,278,0
4728,286,0
4729,276,0
4730,280,0
4731,268,0
4732,278,0
4733,280,0
4734,282,0
4735,278,0
4736,276,0
4737,278,0
4738,282,0
4739,280,0
4740,274,0
4741,280,0
4742,280,0
4743,280,0
4744,280,0
4745,280,0
4746,542,0
4747,280,0
4748,276,0
4749,280,0
4750,256,0
4751,284,0
4752,278,0
4753,282,0
4754,284,0
4755,280,0
4756,276,0
4757,282,0
4758,282,0
4759,276,0
4760,256,0
4761,282,0
4762,280,0
4763,278,0
4764,278,0
4765,276,0
4766,278,0
4767,288,0
4768,256,0
4769,580,0
4770,278,0
4771,278,0
4772,318,0
4773,278,0
4774,278,0
4775,288,0
4776,280,0
4777,280,0
4778,284,0
4779,276,0
4780,276,0
4781,278,0
4782,284,0
4783,276,0
4784,282,0
4785,280,0
4786,276,0
4787,340,0
4788,276,0
4789,280,0
4790,282,0
4791,282,0
4792,718,0
4793,280,0
4794,284,0
4795,280,0
4796,280,0
4797,278,0
4798,278,0
4799,280,0
4800,278,0
4801,284,0
4802,278,0
4803,284,0
4804,284,0
4805,278,0
4806,278,0
4807,278,0
4808,282,0
4809,280,0
4810,326,0
4811,286,0
4812,276,0
4813,282,0
4814,1230,0
4815,276,0
4816,278,0
4817,280,0
4818,280,0
4819,280,0
4820,280,0
4821,282,0
4822,278,0
4823,278,0
4824,280,0
4825,278,0
4826,294,0
4827,282,0
4828,276,0
4829,280,0
4830,278,0
4831,276,0
4832,278,0
4833,276,0
4834,280,0
4835,278,0
4836,278,0
4837,576,0
4838,278,0
4839,278,0
4840,280,0
4841,258,0
4842,276,0
4843,280,0
4844,256,0
4845,280,0
4846,282,0
4847,278,0
4848,282,0
4849,276,0
4850,276,0
4851,280,0
4852,284,0
4853,282,0
4854,266,0
4855,278,0
4856,286,0
4857,282,0
4858,262,0
4859,280,0
4860,592,0
4861,276,0
4862,280,0
4863,264,0
4864,260,0
4865,278,0
4866,276,0
4867,278,0
4868,292,0
4869,276,0
4870,262,0
4871,278,0
4872,278,0
4873,280,0
4874,284,0
4875,282,0
4876,280,0
4877,258,0
4878,276,0
4879,278,0
4880,276,0
4881,280,0
4882,300,0
4883,580,0
4884,280,0
4885,276,0
4886,280,0
4887,280,0
4888,284,0
4889,278,0
4890,282,0
4891,286,0
4892,260,0
4893,384,0
4894,276,0
4895,282,0
4896,286,0
4897,278,0
4898,278,0
4899,282,0
4900,284,0
4901,280,0
4902,276,0
4903,280,0
4904,280,0
4905,286,0
4906,582,0
4907,276,0
4908,278,0
4909,276,0
4910,258,0
4911,274,0
4912,276,0
4913,278,0
4914,278,0
4915,276,0
4916,280,0
4917,276,0
4918,276,0
4919,276,0
4920,276,0
4921,278,0
4922,284,0
4923,274,0
4924,280,0
4925,276,0
4926,288,0
4927,276,0
4928,278,0
4929,584,0
4930,282,0
4931,282,0
4932,280,0
4933,304,0
4934,284,0
4935,280,0
4936,278,0
4937,254,0
4938,286,0
4939,290,0
4940,284,0
4941,278,0
4942,282,0
4943,610,0
4944,262,0
4945,286,0
4946,282,0
4947,276,0
4948,278,0
4949,272,0
4950,280,0
4951,280,0
4952,280,0
4953,278,0
4954,280,0
4955,282,0
4956,278,0
4957,278,0
4958,280,0
4959,282,0
4960,278,0
4961,280,0
4962,256,0
4963,276,0
4964,280,0
4965,1364,0
4966,280,0
4967,278,0
4968,280,0
4969,284,0
4970,280,0
4971,282,0
4972,278,0
4973,280,0
4974,282,0
4975,276,0
4976,262,0
4977,274,0
4978,258,0
4979,280,0
4980,278,0
4981,284,0
4982,278,0
4983,258,0
4984,282,0
4985,276,0
4986,282,0
4987,286,0
4988,612,0
4989,280,0
4990,286,0
4991,264,0
4992,276,0
4993,294,0
4994,280,0
4995,280,0
4996,280,0
4997,278,0
4998,276,0
4999,276,0
